Datetime,Water Level (m)
2025-05-24 06:00:00,-0.18948045
2025-05-24 07:00:00,-0.5008567
2025-05-24 08:00:00,-0.65692896
2025-05-24 09:00:00,-0.57771635
2025-05-24 10:00:00,-0.21565364
2025-05-24 11:00:00,0.23234193
2025-05-24 12:00:00,0.6906656
2025-05-24 13:00:00,1.0327779
2025-05-24 14:00:00,1.1479666
2025-05-24 15:00:00,0.95918465
2025-05-24 16:00:00,0.55706656
2025-05-24 17:00:00,0.11134974
2025-05-24 18:00:00,-0.33401683
2025-05-24 19:00:00,-0.70279515
2025-05-24 20:00:00,-0.9366111
2025-05-24 21:00:00,-0.9471672
2025-05-24 22:00:00,-0.5681347
2025-05-24 23:00:00,-0.06434028
2025-05-25 00:00:00,0.47635096
2025-05-25 01:00:00,0.9857696
2025-05-25 02:00:00,1.306871
2025-05-25 03:00:00,1.3484942
2025-05-25 04:00:00,1.0811926
2025-05-25 05:00:00,0.6375178
2025-05-25 06:00:00,0.1707232
2025-05-25 07:00:00,-0.26646337
2025-05-25 08:00:00,-0.5999862
2025-05-25 09:00:00,-0.76939553
2025-05-25 10:00:00,-0.6481721
2025-05-25 11:00:00,-0.20467539
2025-05-25 12:00:00,0.2892423
2025-05-25 13:00:00,0.7715605
2025-05-25 14:00:00,1.101661
2025-05-25 15:00:00,1.1672163
2025-05-25 16:00:00,0.9112082
2025-05-25 17:00:00,0.4816307
2025-05-25 18:00:00,0.014759596
2025-05-25 19:00:00,-0.44039062
2025-05-25 20:00:00,-0.8122709
2025-05-25 21:00:00,-1.0422657
2025-05-25 22:00:00,-0.98180133
2025-05-25 23:00:00,-0.49453348
2025-05-26 00:00:00,0.077346765
2025-05-26 01:00:00,0.67838144
2025-05-26 02:00:00,1.2164071
2025-05-26 03:00:00,1.5149155
2025-05-26 04:00:00,1.5026182
2025-05-26 05:00:00,1.1791351
2025-05-26 06:00:00,0.701876
2025-05-26 07:00:00,0.20573236
2025-05-26 08:00:00,-0.249231
2025-05-26 09:00:00,-0.60655785
2025-05-26 10:00:00,-0.7716652
2025-05-26 11:00:00,-0.59152216
2025-05-26 12:00:00,-0.085801914
2025-05-26 13:00:00,0.41862312
2025-05-26 14:00:00,0.8800462
2025-05-26 15:00:00,1.1802874
2025-05-26 16:00:00,1.1881953
2025-05-26 17:00:00,0.86994356
2025-05-26 18:00:00,0.42775798
2025-05-26 19:00:00,-0.0515096
2025-05-26 20:00:00,-0.50075877
2025-05-26 21:00:00,-0.8584463
2025-05-26 22:00:00,-1.0408694
2025-05-26 23:00:00,-0.87770146
2025-05-27 00:00:00,-0.3490933
2025-05-27 01:00:00,0.24341638
2025-05-27 02:00:00,0.8570966
2025-05-27 03:00:00,1.3750569
2025-05-27 04:00:00,1.6091694
2025-05-27 05:00:00,1.509556
2025-05-27 06:00:00,1.0883429
2025-05-27 07:00:00,0.5772885
2025-05-27 08:00:00,0.06908413
2025-05-27 09:00:00,-0.3745084
2025-05-27 10:00:00,-0.6969283
2025-05-27 11:00:00,-0.8040445
2025-05-27 12:00:00,-0.5235319
2025-05-27 13:00:00,-0.013612872
2025-05-27 14:00:00,0.50030774
2025-05-27 15:00:00,0.96706843
2025-05-27 16:00:00,1.234713
2025-05-27 17:00:00,1.1773152
2025-05-27 18:00:00,0.80676955
2025-05-27 19:00:00,0.35225546
2025-05-27 20:00:00,-0.12167162
2025-05-27 21:00:00,-0.5474251
2025-05-27 22:00:00,-0.8640532
2025-05-27 23:00:00,-0.9710858
2025-05-28 00:00:00,-0.67193043
2025-05-28 01:00:00,-0.12877575
2025-05-28 02:00:00,0.4690496
2025-05-28 03:00:00,1.0782256
2025-05-28 04:00:00,1.537818
2025-05-28 05:00:00,1.6985754
2025-05-28 06:00:00,1.5141373
2025-05-28 07:00:00,1.0576001
2025-05-28 08:00:00,0.5422137
2025-05-28 09:00:00,0.05508518
2025-05-28 10:00:00,-0.36043257
2025-05-28 11:00:00,-0.63255477
2025-05-28 12:00:00,-0.65628624
2025-05-28 13:00:00,-0.30854636
2025-05-28 14:00:00,0.1839609
2025-05-28 15:00:00,0.672448
2025-05-28 16:00:00,1.0939788
2025-05-28 17:00:00,1.2861766
2025-05-28 18:00:00,1.1387302
2025-05-28 19:00:00,0.7403385
2025-05-28 20:00:00,0.29243976
2025-05-28 21:00:00,-0.16274905
2025-05-28 22:00:00,-0.55432594
2025-05-28 23:00:00,-0.8080425
2025-05-29 00:00:00,-0.8100552
2025-05-29 01:00:00,-0.4000291
2025-05-29 02:00:00,0.13014325
2025-05-29 03:00:00,0.71504265
2025-05-29 04:00:00,1.2630868
2025-05-29 05:00:00,1.6180458
2025-05-29 06:00:00,1.6714615
2025-05-29 07:00:00,1.4017701
2025-05-29 08:00:00,0.93259895
2025-05-29 09:00:00,0.43203002
2025-05-29 10:00:00,-0.030295113
2025-05-29 11:00:00,-0.416843
2025-05-29 12:00:00,-0.6363345
2025-05-29 13:00:00,-0.5657142
2025-05-29 14:00:00,-0.16500272
2025-05-29 15:00:00,0.30687776
2025-05-29 16:00:00,0.76825863
2025-05-29 17:00:00,1.1151882
2025-05-29 18:00:00,1.2248966
2025-05-29 19:00:00,1.0300236
2025-05-29 20:00:00,0.6516412
2025-05-29 21:00:00,0.23017277
2025-05-29 22:00:00,-0.18407795
2025-05-29 23:00:00,-0.5078156
2025-05-30 00:00:00,-0.67363846
2025-05-30 01:00:00,-0.54237616
2025-05-30 02:00:00,-0.09208213
2025-05-30 03:00:00,0.41102234
2025-05-30 04:00:00,0.9533828
2025-05-30 05:00:00,1.437743
2025-05-30 06:00:00,1.6826954
